<?xml version="1.0" encoding="utf-8"?>
<manifest identifier="_6e8t5hxjM2F_course_id" version="1.0" xmlns="http://www.imsproject.org/xsd/imscp_rootv1p1p2" xmlns:adlcp="http://www.adlnet.org/xsd/adlcp_rootv1p2" xmlns:xsi="http://www.w3.org/2001/XMLSchema-instance" xsi:schemaLocation="http://www.imsproject.org/xsd/imscp_rootv1p1p2 imscp_rootv1p1p2.xsd http://www.imsglobal.org/xsd/imsmd_rootv1p2p1 imsmd_rootv1p2p1.xsd http://www.adlnet.org/xsd/adlcp_rootv1p2 adlcp_rootv1p2.xsd">
  <metadata>
    <schema>ADL SCORM</schema>
    <schemaversion>1.2</schemaversion>
    <lom xmlns="http://www.imsglobal.org/xsd/imsmd_rootv1p2p1" xmlns:xsi="http://www.w3.org/2001/XMLSchema-instance" xsi:schemaLocation="http://www.imsglobal.org/xsd/imsmd_rootv1p2p1 imsmd_rootv1p2p1.xsd">
      <general>
        <title>
          <langstring xml:lang="x-none">The Dinner Pitch</langstring>
        </title>
      </general>
      <lifecycle>
        <version>
          <langstring xml:lang="x-none">1</langstring>
        </version>
        <status>
          <source>
            <langstring xml:lang="x-none">LOMv1.0</langstring>
          </source>
          <value>
            <langstring xml:lang="x-none">Final</langstring>
          </value>
        </status>
      </lifecycle>
      <metametadata>
        <metadatascheme>ADL SCORM 1.2</metadatascheme>
      </metametadata>
      <educational>
        <typicallearningtime>
          <datetime>PT0H0M0S</datetime>
        </typicallearningtime>
      </educational>
      <rights>
        <cost>
          <source>
            <langstring xml:lang="x-none">LOMv1.0</langstring>
          </source>
          <value>
            <langstring xml:lang="x-none">yes</langstring>
          </value>
        </cost>
        <copyrightandotherrestrictions>
          <source>
            <langstring xml:lang="x-none">LOMv1.0</langstring>
          </source>
          <value>
            <langstring xml:lang="x-none">yes</langstring>
          </value>
        </copyrightandotherrestrictions>
      </rights>
    </lom>
  </metadata>
  <organizations default="The_Dinner_Pitch_ORG">
    <organization identifier="The_Dinner_Pitch_ORG">
      <title>The Dinner Pitch</title>
      <item identifier="Callertoon_SCO" isvisible="true" identifierref="__6e8t5hxjM2F_course_id_RES">
        <title>Callertoon</title>
      </item>
    </organization>
  </organizations>
  <resources>
    <resource identifier="__6e8t5hxjM2F_course_id_RES" type="webcontent" href="index_lms.html" adlcp:scormtype="sco">
      <file href="story_content/thumbnail.jpg" />
      <file href="story_content/Slide6KYe7lAMPcd.swf" />
      <file href="story_content/5tzlCcDICFU_80_RAAC2FF_DX1440_DY1440.jpg" />
      <file href="mobile/5tzlCcDICFU_80_RAAC2FF_DX1440_DY1440_CX720_CY446.jpg" />
      <file href="story_content/Shape6OVU6bBh00T.swf" />
      <file href="story_content/Shape6d07QhWatOA.swf" />
      <file href="story_content/Shape60mDcUE0Urc.swf" />
      <file href="story_content/Shape5YYSnKjoGYz.swf" />
      <file href="story_content/6oRbMCrqbej_80_RS_DX96_DY96.swf" />
      <file href="mobile/6oRbMCrqbej_80_RS_DX96_DY96_CX48_CY48.png" />
      <file href="mobile/6oRbMCrqbej_80_RS_DX96_DY96_CX48_CY48.swf" />
      <file href="story_content/6oRbMCrqbej_X_80_RS_DX96_DY96.swf" />
      <file href="mobile/6oRbMCrqbej_X_80_RS_DX96_DY96_CX48_CY48.png" />
      <file href="mobile/6oRbMCrqbej_X_80_RS_DX96_DY96_CX48_CY48.swf" />
      <file href="meta.xml" />
      <file href="story_content/frame.xml" />
      <file href="story_content/frame.js" />
      <file href="story_content/user.js" />
      <file href="mobile/app_store.png" />
      <file href="mobile/mobile_icon.png" />
      <file href="mobile/linen_background.jpg" />
      <file href="story_html5.html" />
      <file href="story_unsupported.html" />
      <file href="mobile/Slide6KYe7lAMPcd.jpg" />
      <file href="mobile/Shape6OVU6bBh00T.png" />
      <file href="mobile/Shape6d07QhWatOA.png" />
      <file href="mobile/Shape60mDcUE0Urc.png" />
      <file href="mobile/Shape5YYSnKjoGYz.png" />
      <file href="mobile/controls.png" />
      <file href="mobile/icon_loading.gif" />
      <file href="mobile/player.css" />
      <file href="mobile/spinner.png" />
      <file href="mobile/storyline_compiled.js" />
      <file href="mobile/wait.gif" />
      <file href="story_content/fonts.swf" />
      <file href="story_content/fonts.xml" />
      <file href="mobile/fonts.js" />
      <file href="story.swf" />
      <file href="story_content/frame.swf" />
      <file href="story_content/slides/5YDuhUUdOxG.swf" />
      <file href="mobile/slides/5YDuhUUdOxG.gz" />
      <file href="mobile/slides/5YDuhUUdOxG.js" />
      <file href="story_content/slides/6lFzJOMdLPn.swf" />
      <file href="mobile/slides/6lFzJOMdLPn.gz" />
      <file href="mobile/slides/6lFzJOMdLPn.js" />
      <file href="story_content/slides/6WXc4LoVl7x.swf" />
      <file href="mobile/slides/6WXc4LoVl7x.gz" />
      <file href="mobile/slides/6WXc4LoVl7x.js" />
      <file href="story_content/slides/6ZTZdqK9T8x.swf" />
      <file href="mobile/slides/6ZTZdqK9T8x.gz" />
      <file href="mobile/slides/6ZTZdqK9T8x.js" />
      <file href="story_content/slides/6iqdx6vuoRy.swf" />
      <file href="mobile/slides/6iqdx6vuoRy.gz" />
      <file href="mobile/slides/6iqdx6vuoRy.js" />
      <file href="story_content/slides/5VIjKzPoEuI.swf" />
      <file href="mobile/slides/5VIjKzPoEuI.gz" />
      <file href="mobile/slides/5VIjKzPoEuI.js" />
      <file href="story_content/slides/5aJIMlYBUQh.swf" />
      <file href="mobile/slides/5aJIMlYBUQh.gz" />
      <file href="mobile/slides/5aJIMlYBUQh.js" />
      <file href="story_content/slides/5fM21dty4to.swf" />
      <file href="mobile/slides/5fM21dty4to.gz" />
      <file href="mobile/slides/5fM21dty4to.js" />
      <file href="story_content/slides/5qFMXDskPxW.swf" />
      <file href="mobile/slides/5qFMXDskPxW.gz" />
      <file href="mobile/slides/5qFMXDskPxW.js" />
      <file href="story_content/slides/5cRPBReCbvU.swf" />
      <file href="mobile/slides/5cRPBReCbvU.gz" />
      <file href="mobile/slides/5cRPBReCbvU.js" />
      <file href="story_content/slides/6Av7qVZdbHp.swf" />
      <file href="mobile/slides/6Av7qVZdbHp.gz" />
      <file href="mobile/slides/6Av7qVZdbHp.js" />
      <file href="story_content/slides/5xDn4i8NH2e.swf" />
      <file href="mobile/slides/5xDn4i8NH2e.gz" />
      <file href="mobile/slides/5xDn4i8NH2e.js" />
      <file href="story_content/slides/6i3Xcdk5Bmw.swf" />
      <file href="mobile/slides/6i3Xcdk5Bmw.gz" />
      <file href="mobile/slides/6i3Xcdk5Bmw.js" />
      <file href="story_content/slides/5zMuqFAn9ZH.swf" />
      <file href="mobile/slides/5zMuqFAn9ZH.gz" />
      <file href="mobile/slides/5zMuqFAn9ZH.js" />
      <file href="story_content/slides/6jG2gKTHTkV.swf" />
      <file href="mobile/slides/6jG2gKTHTkV.gz" />
      <file href="mobile/slides/6jG2gKTHTkV.js" />
      <file href="story_content/data.swf" />
      <file href="mobile/data.gz" />
      <file href="mobile/data.js" />
      <file href="mobile/masks.js" />
      <file href="story.html" />
      <file href="index_lms_html5.html" />
      <file href="story_content/blank.html" />
      <file href="story_content/story.js" />
      <file href="ioslaunch.html" />
      <file href="mobile/mobileinstall.html" />
      <file href="index_lms.html" />
      <file href="lms/AICCComm.html" />
      <file href="lms/AICCFunctions.js" />
      <file href="lms/API.js" />
      <file href="lms/APIConstants.js" />
      <file href="lms/blank.html" />
      <file href="lms/browsersniff.js" />
      <file href="lms/Configuration.js" />
      <file href="lms/goodbye.html" />
      <file href="lms/lms.js" />
      <file href="lms/LMSAPI.js" />
      <file href="lms/NONEFunctions.js" />
      <file href="lms/SCORM2004Functions.js" />
      <file href="lms/SCORMFunctions.js" />
      <file href="lms/UtilityFunctions.js" />
    </resource>
  </resources>
</manifest>