﻿<?xml version="1.0" encoding="utf-8"?><bwFonts xmlns:xsi="http://www.w3.org/2001/XMLSchema-instance" xmlns:xsd="http://www.w3.org/2001/XMLSchema"><font id="00" name="ArticulateBold Charset1"><glyphs><g i="0" p="%^cQ$vIL$vyI1ivI1ioF$vTA$vfwxeWzxeaDusdDuscGxeYKxe1Ous4OusmRxeLUxe" /><g i="1" p="#^TGhpTGzoHGSnvG9n5GDmIF5m4FLltEplDDplQCplcCKlBB3mbBCmOA8nBAQnoAwooAepoAgraBusZBHtDDHttEHt5FmtJF0t6GrsvGRrHG2rTGeqTGhp^nKCpnKbrRJrskJHtpIyuvHovgGRv2FiwEDiw8CiwUAQvEzlvLytuTxBtnxnsUw8rUwEpUw1opxNmWxwlQyEkLzMjZAijcCPiDDPi0FPifGhjvHKjpIBkkJslRJKmnK0onKCp" /><g i="2" p="#^nG$v%nGeu%kGeuDF5vzEIvwDiw4CiwYAiw7AWvizyvMyTufybu_xftJxjsJxbr%Jx6j%4B6j%4BZp4BHq7BnraB2soBzsDB3t3CntvCHtfDHt2EHtCEltaF_swFosTFOr1G$qcGbqcGjp%cG6j%yJ6j%yJ$v" /><g i="3" p="%^Ox$vOxed8Bed8B$v" /><g i="4" p="#^cGtpcGVo2GdoVFwnyFUmcFgmCERl0Epl8DplkCplOBQlgBemYASmEAtnwAbooAVooAxpoAhqxA1rHAMr1BmsnBXsVBjtsCHtdDHtZDHtwEmt4F0tsFrsQFSr0G6rcGlqcGtp^iG$v%iGyu%fGyuwFtvvEUvvDiwgCiwTAiwRzMvPyev9yjuwxntcx9sUwWqUwupUw9oaxYmtxKl6yQkMyVjOzmjQAPiiCPiJDPiCEkjwFQjaGFk%cGFk%cGed%yJed%yJ$v" /><g i="5" p="" /><g i="6" p="#^sERw5EOxIDEykDvzMC8AcCOAnBaBzAyBnzyBOyyBayrByxlB3xcB%ixJyUxXy2zXyEzXy2AJytAwyJAayZARx4BqxcB0xcBEw%gw6j%Zz6j%4Dws%7Dws%dG6j%DJ6j" /><g i="7" p="%^Ox$vOx6j8B6j8B$v^OxLgOxzd8Bzd8BLg" /><g i="8" p="%^vF$vcBKp8BKp8B$vOx$vOxed8Bed8BgocBgocF6j9J6jlESoLJ$v" /><g i="9" p="#^OFhoIFVm1F5mnEgl5DglGBglXA6mdAXm5Aho%OFho^5ABqaAtrvA4sQAHskB4tQBttsCFt4DRtLDRtYERt0Gtt5H5t2Iys%2Igv$GTvRF4wIEiwADiwnCiwbBZv$zEv1zTu3y5utxPsUwwrUwBpUweofx0nDxNlmyRk5zVjdAmjlBPiTCPiyEPiIFljTGSjCHSklIRlGIin$IKo$IBq" /><g i="10" p="#^nF$vTE8wdEdwADiwWCiwYAiwTzcvPy5uPy3s%Pyzl%lwzl%lw6j%Py6j%Pyxg%aCsf%aC6j%8F6j%8Fzl%aCzl%aCBraCHsACbt$CHtODHt7EHtwEDtWEytgFmt%nF$v" /><g i="11" p="#^nFgmYE6mCE3mgE0mRD0mqC0mNBen8Bro8BEq%8B$v%Ox$v%Ox6j%MA6j%MA1m%QA1mUAulcBVkwBkk_BTjsCpj2D6jFDPilEPi2FPinFVi%nFgm" /><g i="12" p="#^dG3sdG6tOFVtoFHuGEevYDMvXC1wWBiwJAiwJziwIy6wHxXv0xKv%dx_s2yntPyCtBzRtwARtoBRt2CstJC3tJCgsJCErhCjrRB_qcBMqzAxqOzlq2z8qpyLpMxlpkxGoUw_nUwPmUwMljx$kLxeksyLjazgj4A2j$APiYBPiUCPiPDYiLE4jBFhj%nFPlyEwlTDolcDgloCgllBglSAHloA5moAHmoAbnQAungBMnVB_nyCbojDqo4EFoIE5plFwpNFdqdGWqdG3s" /><g i="13" p="#^eN$v%eN3oeNBnaN7n6NEmWMgmKMUllMFlYLplkLplBKpl6KLlDJ5mkJHm2JgnWI2oOIPoOIHp%OI$v%sF$v%sF5osFznoF5nkFCm7FemWESlxEEl8EplwDplLCplfCOlMBbmuBOmdBon6B8o0BUo0BCp%0B$v%Gx$v%Gx6j%OA6j%OAVk%RAVk4BxkrB9kOBNjhCujMCbjmD$iZDPiJEPiyFPi9G$iNGbjdHwjGHQjZHekhIEktI4lYI8k_Juj1LPiuMPieNPiZN$iIObjhPKjTPhkdQflAQdmAQMn%AQ$v" /><g i="14" p="%^$N$v2K$vfH9mcH9msE$vDA$vgw6jPz6jGCEsJCEskF6jdJ6j1MEs4MEsLO6jYR6j" /><g i="15" p="#^cG$v%cG1pcGro8GOn5G9nUFDmIF5mfFLlOEpl0Epl8DplACQl0CemGBSmlBuncBeo4BZo4BCp%4B$v%Jx$v%Jxed%4Bed%4BSk%7BSkEB3kGCrjJDPi8FPiiGPi7HcjZHAjvIgk2JXkiJTlyJPmyJUn%yJ$v" /><g i="16" p="#^dF_fRELfwEEfcExfODxf7DxfIC0giCugiCxh%iC6j%dF6j%dFzl%iCzl%iC$v%Xy$v%Xyzl%twzl%tw6j%Xy6j%XymhXyegfzpfzzze7A1eHAudrBddcCXc5DXcIDXclE0d$E4dvFcd" /><g i="17" p="#^nA$v%nAus%TDus%TD$v^VHIiVHsjEH6knHMkZGklAGUl4GqmBFXm8FtnyE8o5EToEDCpEDpq%EDUq%zAUqzAtp1BfowB1nICSlwD1lTDpkfENjfE8jfEui_D1iJDAhiDkhUC3hoCYgUBQgoBQglAQglz8hlyrhwxQh%fx3fbyNetzweMAeecCeepDeesExevFPegGnf1HXftHNgVHChVHIi" /><g i="18" p="%^9G5p9G$vEC$vEC5pgwxenAxevESlIIxepMxe" /><g i="19" p="#^BGTvQF7wZEcw7EiwfDiwLBiwzAQvozlvzysuLxztjxjsUw2rUwtpUw1ojxQmLxClxyJkjzQjtAkjDBPi5DPiiEPi6FYiWF4jnGej%4GUlEFHl6FylAEplQDplYCpljCKlGB3mfBDmQAbnCAXnoAHooAwpoAlqBA6rOASrdBrsEB0tiCmtYCHtTDHtsEHt9FxtTFmtsG5t%BGTv" /><g i="20" p="#^TGwpTGHoIGXnyGbnbGDmRF3mjFKlOEpl5EplnDplPCLlfC5mSBGmtBengB_n4BJo4Bwp4B9qdBVqnBErIBgs2CUsDCitcDHt4EHtUEHtqFitZFUshGgsBGErKGVqTG9qTGwp^nKupnKMsXIxuvHiwYEiwcEiwEDaw4D2wECPvcCzvQBfvtBWu7Bwu%4Bwu%4BfB%JxfB%Jx6j%WA6j%WAXk%ZAXkIBMjJCijLDPiZEPilGPimHijnINj2JGkJJzl2KOmnK0onKup" /><g i="21" p="#^cGupcGKo0G0oQFhnrFIm2F6muEMlWDplaDplqCplTBNllB8m0BJmHAhnxA1ooAMooAwpoAbqxAXqGAGr$AhskBUsSBitoCHtdDHt4EHtEEhtdFSszFesWFBr3GTqcG8qcGup^cGfB%cGwu%9GwuvFjvEEPvODiwqCiwYAiwVzMvTyevbykuwxqtcxasUwWqUwupUw1odxPmyxAldyIkUyPjWzjjYAPinCPi0FPiiGXk%lGXk%lG6j%yJ6j%yJfB" /><g i="22" p="#^cG$v%cG_ocGdo7Gzn2GUmOFqmyFXl6FGlGEplZDpl4DplwCRlYBhmEBXmkBBncBko4B3p4BEp%4B$v%Jx$v%Jx6j%UA6j%UASk%YASkdBskBB5kZBKjtCsjZC9jCD_igEPi7FPipHPitIdkyJClyJZn%yJ$v" /><g i="23" p="#^TGwpTGVoLGcoDGunkGSm1GemuFQlYEpl7EplfDplGCRl5CgmKBUmnBwndBdo4BVo4Btp4BmqgB8rtBWrRBusdC2tNCntlDHt4EHtMEHtiFmtQF0taGssxGUrIG7rTGmqTGwp^nKupnKPsVIzusHiw2FiwODiwNCTvMBrv0Bqu%ZAqu%ZA$v%Jx$v%Jxed%4Bed%4BMk%7BMkoBokKB2k5CHjyCqj0D8jCD_idEPiZEPinGPioHjjpIPj3JJkJJCl2KRmnK3onKup" /><g i="24" p="#^cGmpcGxo0GPnRF5nvFzmaF1mDEJl5EploDplUBpl8BymoAHnoArpoAbqAAUqMABr7B9svBJs0C2tyCntfDntDEntpFlscGjrcGmp^yJMuyJawcJpxTIEy4IzziHvA$F0BIEyBLCyBtByBoAjBjz5BiyGA%zyPxWy0yozcyTzoynAzyUALypBRyWBXylCXy$CXyLDMywEBy5F0yIFqxYFvwcGBvcGXt%9GXtAFWutEtvnD$v8C$vJA$vKztvLyXu6y3utxatax_rUwNqUwtpUwjocx7nwxXlay_kRy0kTzqjWAPinCPicDPiQD_isE9jVEsjnFKjIF6k2GukiGSk%lGSk%lG6j%yJ6j%yJMu" /><g i="25" p="%^Jx$vJxusdBusdB$v" /><g i="26" p="%^0y$v0yxekIxekIhhwBhhwBAlLHAlLHlowBlowBetnIetnI$v" /><g i="27" p="#^LD1qaC1q7Byq5A2r5Ads5AWsAAot4BRtcCRtMCRtiDFtRDttgE2tMEys0FSrgFargF1q^AF$vwFBvuF9vsFJuqF3u%nF3ucFruQEQutEdvXDyvpDTvMC4w8CiwsBiwyAiwJz1wUyMvgyhvExOugx4uUwmtUwtsUw3rtxcq2ylpZySoUzmo3BcofC1opD1o%gF1ogFumyETlQDglqCglyBglxAzlwzRloyFm%iyNjbzojlA6jvBPiRCPiLFPi1H6kkIolkI9okIbpkIUpkIzqkI5rlICrmI2snItsnIXspIDtqIhusIWuxI$v" /><g i="28" p="%^Jx$vJxusdBusdB$v^JxCmJx6jdB6jdBCm" /></glyphs></font><font id="10" name="Articulate Charset1"><glyphs><g i="0" p="%^BFHoBF$v5D$v5DHogwxebzxeoEmmtJxepMxe" /><g i="1" p="#^fGoofGKn3G6nTFtmtFZl4FsluE8lUDQk4DQk2CQkoBglLAHlnAhm$zSmQztnGz3oEzoo%fGoo^Ez8qEz5rZzTrjAEsUActtBMteC4u$CouTDoutEou2FguEF8uaGXtIGKt6HxtxHjtNH6t%NHrv1HOv2G2w4FiwJDiwdCiw$ATvOzrvWyBu3yKtBxrs8x8r8xpp8xXnAxKm0yxlPyIkDzSjJApjQBXiaDXiJEXiNFujRG0kvH_kaIXlsIgnLIBoLI8q" /><g i="2" p="#^TEjsTEmtuE6u5ESutDmvRCRv1C3wdBiwnAiwqziwCy9wOx0wWwBv%2xutzxPtny6ubzou$zou0BouHBXtnCttnCBsnCeseCZr5CHrOBrrvBar$AUqvACqMzgqfz0qJyJpbyppNx0pnxCo6x4oRwxnRwPmRw0l2y_jfzXisBXi5CXiRC5jBDejgErj%4EulODklsDdl7D6lMC1lqCXk6CUkOBQkABQkDAQk_zellzEllzmmlz9nXzDnyA5oGBBosCXo1DipDDEp1E3qsEuqFE2rTEBrTEjs" /><g i="3" p="%^FI$vLAEhHAEhHA$vby$vbyxeBBxeiJBslJBslJxeSLxeSL$v" /><g i="4" p="#^DHBpDHHolHQn4HZmAGjm4GElkFelAEQkEDQkICQkYBeldBElIAjmbAZmVzQnEzHoEzBpEzrqTzjr7AasCASs5BytRBZtBCouEDouGEouqFZtaGytFGSs9HasoHkrDHtqDHBp^7KCp7K0rEJesaJrtjIlusHevgGMv4FiwEDiwaCiw_AMvOzdvWyiu3yntBx9s8xXq8xzp8x9oBxYm3yKlVyRkMzYjZAsjaCXiEDXi7FXikGsjxHYjmIRkcJKlFJZm7Kbo7KCp" /><g i="5" p="#^uLdnuL9mbLZkVKMjdKMiyJMhrI6hlHrgJFrgfErgaD0h5CAhnByiGAwjjAKkZzXlZzdnZztohAIpBAXqhBWrZBUs3DvtaE5uJF5ukH5uqIttxJRscKSrTKSqaLEpuLpouLdn^7Ogn7OmpwN2rWMJsPLUtIK2v8JGvBHiwIFiwUDiwmCIvQA5vHzYtzyOsXx6rjxppjxenjxjlTxGjry0ixzPgDACfaCWeJDeeJFeeFHeedJVeNKzfSLLgYMXhxNCj7Ogl7Ogn" /><g i="6" p="%^DI$vRArnRA$vly$vlyxeRAxeRAdmiIxeDLxepDNmhM$v" /></glyphs></font><font id="20" name="Arial"><glyphs><g i="0" p="%^tC$vtCcgzwcgzw5eMK5eMKcgREcgRE$v" /><g i="1" p="#^Ex$v%Ex5e%Rz5e%RzwknBKiJDKi9FKidGjjhHTjKHTkcITlcINn%cI$v%$F$v%$FNn$F7mhFnlAEDkgDDkiCDkqB7lzADlcAvmRznnRzVo%Rz$v" /><g i="2" p="#^wGPr%NI5sfI5uOGbvlFhw4DhweAhwzyxuVwNsVwDpVwlmByykhAKiZCKizFKicHwkSIhmSIupSIHpRI4q%az4qizcsnAlttBuu5DuujEuu9FRt0GctwGPr^izgo%yGgooGDmIFPlFEyk_CyktBykrAzlpzzmizgo" /><g i="3" p="" /><g i="4" p="#^Wx$v%Wx5e%4E5eaG5egHmePIIeUJEfjLQg0MHiJMykJMYmJM_oeMzqML8s0LathKcuoJOuvInvfHHv$F$vnE$v^iATt%6ETtTFTtTGytUHdtvIDskJNrOJmqhKXohKVmhK6kmJCirI5h6HAg9Gcg2Ecg%iAcg" /><g i="5" p="%^FxDgFx5eRz5eRzDg^Fx$vFx1jRz1jRz$v" /><g i="6" p="#^Ex$v%Ex1j%Dz1j%DzTk2BKiLDKiWEKiUF9jTGAjmHgkSHXk2IUlaIvmaI0o%aI$v%_F$v%_F6o_FMmJF6mtFrlPE2l9EEkhDEkTBEkSAxlRzpmRzVo%Rz$v" /><g i="7" p="#^Cx$v%Cx1j%Bz1j%Bz$klACj_AajDBKipCKiwDKiFErj%VDul5D$kiC$kAB$k$ArlqATlaAEmPzPnPzcp%Pz$v" /><g i="8" p="#^Wx$v%Wx5e%GE5esG5eoHgeJIueCJ6fvKJf1LQgALXhALgjALzl7K8nGIJoTEJo%iAJo%iA$v^iACm%WECmcHCmaILl8JUk8Jlj8JdizIqh$HDg4HnguGcgSEcg%iAcg" /><g i="9" p="#^rC1u%LCZvQB9w5B9wVz9wezNvAypvjyOu2yau2ycs%2yKk%rwKk%rw1j%2y1j%2yPf%eAve%eA1j%rC1j%rCKk%eAKk%eAjseAgtlAxtsAOtJAYt_A6utB6uRB6urC1u" /><g i="10" p="#^5Gfr%gIxrVHMtrG1v_EhwSChwcAhwAyyuZwPsZwzpZwsnFxUlmyjkNzxjcBKiTCKi_EKikGPjGHTk2IRm%WFanCFSlQEcl3EykZCykiBykgAKlezWmezvpez6seAiteBuuRCuu8Euu$EHtTFUs5Gfr" /><g i="11" p="#^6xfq%lz2qwzor5AfsGA6tUBEt6DauEEau_Fau0HNt3IntzIGs3JZr3J8r3JiqAIGp6I1p_GCogGkoODKnkB8nlADm3zYlqyYkOxYjOxJiOxnhzycglz0fPApeiCOd5EOd5GOdCHre7J4fXJkgMKzhQK8j%yIjjnIChjHLggGTfcETf1CTf2BGg4Ash4Azi4AxjNA9ktBNklErleH4mjIzmTJhnCKoomLvpmLXqmLmsxKDtJJUubIBvFGiwLEiwjCiwGABv1zTu5ystax1s6xfq" /><g i="12" p="#^Gz$v%Dx$v%Dx5e%Qz5e%QzukdBKinDKiAEKiEFdjIGIjoHAk5IsluIHmTIVnTIjpTIEsdHtuAFhwgDhwZAhwGznu^EzppEzLrhANsjBuu4DuuxEuuAFetDGZrDGvpDGYmCFLlCEykbDykKBykHAOlEz2nEzpp" /><g i="13" p="%^Bx$vBx5eNz5eNz$v" /><g i="14" p="#^HKJp%3NjqjMetnKMurIiwEFiwLCiwXA7v7zXtayIrextpexVmex6kiy1inzYflBTejDOdHFOdnIOdcKaf1MxgLM$i%qKyjOJBhCIIgrHPfEFPfADPfbCPgOAOheAtjGz7lGzUmGzbplAUq0BBspCrtPDgusFgurHguPI7tcKZrHKJp" /><g i="15" p="#^5GouTErvLDSvDChwkBhwbzhw1yfvUwcuUwAsUwDrkxRqMx2qtyApaz5p2ARoHAHo$BwoFEcoWFMnWFjnWFbnWFRljFiltEykOCykfBykwA5lNzDlqz0n%hxKmzxlleyvkVyFjaAcjsBKi7DKiNEKiPF7jSGwjlH6kQHIk1ICl8Iam8IDn%8Izq8IDthIruqIfvQI$v%yG$vcGjv5Gou^WFupJEZpkCjqZAwqpAMqRz$qxztrezXrezwsezotUz_tzAzuSBzu7Dzu6E$t5FrtzFusWFLrWFiq" /><g i="16" p="#^Yv$v%PC5e%nF5e%IM$v%$J$v%WHAq%rAAq%ty$v^7BEo%bHEo%jFHjtEqh2E_fIDIh4Doj" /><g i="17" p="#^JwWq%RyDqXyFsCzqtiAbuwBbupCbu2DNtHDntXDGsbEZrbEqq%bE5e%yG5e%yGiqyGxs$FMttF$uhEFv6DiwwBiwaziwVxYuFwBtJwWq" /><g i="18" p="#^QwwpQwVlQyakvAKiVCKiAFKigHukZIemZIkpZIQrdIgttHIu1GvvBEhwVChwaAhwvyyuQwOsQwwp^4zwp4z$r9AftfBuuVCuuxEuuCFetIG_rIGrpIG1nCFOlxEykVCykfByk9ANl4z0n4zwp" /><g i="19" p="#^Mw7s%XyNr7z5tYzOtOAuuiCuuPDuuxETtgFftgFqsgFGrDEfraEYqnCvqYzUp0zsp5y$oCxdo7xqn7xtm7xClwxTkWx7kCyEj7zgj$z$iUAKiVBKiqDKiAEajKFCjhGmkQG6l2Hnm%UEGmLEGl2E6llDyk3CykyAykUz2lfzylfzdmfzEmwz_mNzlnmAznHAHniC7oEELozF8puGxp$GiqxH3rxHbsxHhtUGfufGdv1FLvQDhwiChwNzhwsyev7xbuMw7s" /><g i="20" p="#^8G$v%8G5uDEhw0ChwTAhwTzRvUypvpyLuWx4uJx6tBxtsBx3r%Bx1j%Nz1j%NzdqNzXrWzxs7AptOAVttBoutCousDoujEUtbFntyFwsVFErVFZp%VF1j%6I1j%6I$v" /><g i="21" p="%^2y$v2y5e6K5e6KcgpAcgpALlPILlPISnpASnpA$v" /><g i="22" p="#^2G$v%2GmuPEhwqChwTAhwAzrvhyAuzx2tRwwrRwwpRwAnux$l7yqkqzAjKAKikCKivDKipEejkFJjVFwk%VF5e%5I5e%5I$v^6zwp6z0s9AftcBuuECuu4Euu4Fjt5G7s5GIp5G2n3FOl1EykxCyk4Byk5ALl6zYm6zwp" /></glyphs></font><font id="30" name="ArialBold"><glyphs><g i="0" p="#^Uwaq%pAQpKABrIBrsGCgtjEgt3GgtXGxsQHNrQHOqQH9qsHJp5Hgp9GXoxFJogD9omArnbzomyxVkyxNiyxqhjyeg5z1fyAqe0COd4EOdrHOd8JhfRKLgXKdj%kHnj5H_hkGohzFNg1ENgtCNgABqh$ARh$Ayi$AajxBDjdCckREQkuHslLI7m0KNmKKXnsL4psLNqsLjsBKFtKJ$uaIFvCGjwhEjwUAjw3zLufxatUwaq" /><g i="1" p="#^KD1j%KDMl%oBMl%oB_qoBAssBRswB5tLBgt$BrtlCrtPCrtJD6t%0EMvPChwiBhwnAhwDzZvUyFvxyavbyGu3yQtYxetYxqr%YxMl%nwMl%nw1j%Yx1j%Yxsg%oBse%oB1j" /><g i="2" p="#^lA_m%expmMxyk2zEjkAKiSCKi8FKigGhjoHQjRHGkjIvljIKn%gIKrgIrtrIfuCI3v2J$v%FF$vxFFvkF_ufFGucFAukErvkDSvkChwbBhwbzhw1ycvUw6uUwssUwmrpxvqXxDpTyapQzJoCBno0EWnXExn%XEbnXEcmsENlZDmlCCmlHBmlaBJlGA4mlA_m^XEMphE_pRCiqqBBq_AUqjAmrjA5sjAPsRAltoBTtdCTt8DTt_DgtCEOsPE7sXEHrXEsq" /><g i="3" p="#^4B$v%Ex$v%Ex1j%QA1j%QATkEBzjiC9jYCKiNDKiYEKi1Gnj%_Enm6EPlmDPlECPl8CdmEBCmmBFn4BHo4B_r" /><g i="4" p="%^Px$vPx5e4L5e4L7hqB7hqB5lpK5lpK6oqB6oqB_spL_spL$v" /><g i="5" p="#^AJ$v%9G$v%9Gnp9GhnWFGmIF2mcFIlJEml1Eml8DmlqCSlJBlmsB9nbBYnbB7q%bB$v%Mx$v%Mx1j%YA1j%YAXkECKidFKimGKiiH8jeIyjJIbkcJQkoJElAJrmAJXn" /><g i="6" p="#^txRw%oBkxuB$xRBgykCDynDDyJEDyoFdyRFYx4GlxeGXweGNv%eGUtIE$vmC$vKz$vdyNt0x1s0xrp0xamAysk9AKiuCKiUEKisGRk%sG1j%GJ1j%GJFuGJYwhJ5yVIezdITzyHwAoGTAfFfBwDfBdAfBQy7Asx$ysxgxsx5xtxRw^xAepxAjrkBgs7CdtiDdtzEdtqFesiGfriGkpiGjntFlmEEmlmDml7CmlkBkmxAhnxAep" /><g i="7" p="#^iFSr%JIrs2IjuDGivcFhw4DhwHzhw3y4uNwjsNwCpNwomtyzk9AKiKCKiDFKiiHFkZIzmUIvq%iAvqlA1s7BTsWBJt6DJtWDJttEht0FRsiFSr^uFposFVmJE8m_DmlXCmlPBml4BamlA$mmApo" /></glyphs></font><font id="40" name="ArticulateBold"><glyphs><g i="0" p="%^YE1iUE1inCeptHep^YJ$vsI_rnB_rRz$vdw$v0DxeZGxeQN$v" /><g i="1" p="#^LD1qaC1q7Byq5A2r5Ads5AWsAAot4BRtcCRtMCRtiDFtRDttgE2tMEys0FSrgFargF1q^AF$vwFBvuF9vsFJuqF3u%nF3ucFruQEQutEdvXDyvpDTvMC4w8CiwsBiwyAiwJz1wUyMvgyhvExOugx4uUwmtUwtsUw3rtxcq2ylpZySoUzmo3BcofC1opD1o%gF1ogFumyETlQDglqCglyBglxAzlwzRloyFm%iyNjbzojlA6jvBPiRCPiLFPi1H6kkIolkI9okIbpkIUpkIzqkI5rlICrmI2snItsnIXspIDtqIhusIWuxI$v" /><g i="2" p="#^nFgmYE6mCE3mgE0mRD0mqC0mNBen8Bro8BEq%8B$v%Ox$v%Ox6j%MA6j%MA1m%QA1mUAulcBVkwBkk_BTjsCpj2D6jFDPilEPi2FPinFVi%nFgm" /><g i="3" p="#^nF$vTE8wdEdwADiwWCiwYAiwTzcvPy5uPy3s%Pyzl%lwzl%lw6j%Py6j%Pyxg%aCsf%aC6j%8F6j%8Fzl%aCzl%aCBraCHsACbt$CHtODHt7EHtwEDtWEytgFmt%nF$v" /><g i="4" p="%^Ox$vOx6j8B6j8B$v^OxLgOxzd8Bzd8BLg" /><g i="5" p="" /><g i="6" p="#^$DMr$DHsHDwtnDluMCYuaCzvgBXvnAiwbziwjyiwFxbw0x5wywZv%ywWsXw6tpxatUxetdyetzzet1AusvAKrvAmq%vAxe%$Dxe%$DMr" /><g i="7" p="#^TGhpTGzoHGSnvG9n5GDmIF5m4FLltEplDDplQCplcCKlBB3mbBCmOA8nBAQnoAwooAepoAgraBusZBHtDDHttEHt5FmtJF0t6GrsvGRrHG2rTGeqTGhp^nKCpnKbrRJrskJHtpIyuvHovgGRv2FiwEDiw8CiwUAQvEzlvLytuTxBtnxnsUw8rUwEpUw1opxNmWxwlQyEkLzMjZAijcCPiDDPi0FPifGhjvHKjpIBkkJslRJKmnK0onKCp" /><g i="8" p="#^dG3sdG6tOFVtoFHuGEevYDMvXC1wWBiwJAiwJziwIy6wHxXv0xKv%dx_s2yntPyCtBzRtwARtoBRt2CstJC3tJCgsJCErhCjrRB_qcBMqzAxqOzlq2z8qpyLpMxlpkxGoUw_nUwPmUwMljx$kLxeksyLjazgj4A2j$APiYBPiUCPiPDYiLE4jBFhj%nFPlyEwlTDolcDgloCgllBglSAHloA5moAHmoAbnQAungBMnVB_nyCbojDqo4EFoIE5plFwpNFdqdGWqdG3s" /><g i="9" p="#^cG$v%cG1pcGro8GOn5G9nUFDmIF5mfFLlOEpl0Epl8DplACQl0CemGBSmlBuncBeo4BZo4BCp%4B$v%Jx$v%Jxed%4Bed%4BSk%7BSkEB3kGCrjJDPi8FPiiGPi7HcjZHAjvIgk2JXkiJTlyJPmyJUn%yJ$v" /><g i="10" p="#^OFhoIFVm1F5mnEgl5DglGBglXA6mdAXm5Aho%OFho^5ABqaAtrvA4sQAHskB4tQBttsCFt4DRtLDRtYERt0Gtt5H5t2Iys%2Igv$GTvRF4wIEiwADiwnCiwbBZv$zEv1zTu3y5utxPsUwwrUwBpUweofx0nDxNlmyRk5zVjdAmjlBPiTCPiyEPiIFljTGSjCHSklIRlGIin$IKo$IBq" /><g i="11" p="#^TGwpTGVoLGcoDGunkGSm1GemuFQlYEpl7EplfDplGCRl5CgmKBUmnBwndBdo4BVo4Btp4BmqgB8rtBWrRBusdC2tNCntlDHt4EHtMEHtiFmtQF0taGssxGUrIG7rTGmqTGwp^nKupnKPsVIzusHiw2FiwODiwNCTvMBrv0Bqu%ZAqu%ZA$v%Jx$v%Jxed%4Bed%4BMk%7BMkoBokKB2k5CHjyCqj0D8jCD_idEPiZEPinGPioHjjpIPj3JJkJJCl2KRmnK3onKup" /><g i="12" p="#^cG$v%cG_ocGdo7Gzn2GUmOFqmyFXl6FGlGEplZDpl4DplwCRlYBhmEBXmkBBncBko4B3p4BEp%4B$v%Jx$v%Jx6j%UA6j%UASk%YASkdBskBB5kZBKjtCsjZC9jCD_igEPi7FPipHPitIdkyJClyJZn%yJ$v" /><g i="13" p="#^cGtpcGVo2GdoVFwnyFUmcFgmCERl0Epl8DplkCplOBQlgBemYASmEAtnwAbooAVooAxpoAhqxA1rHAMr1BmsnBXsVBjtsCHtdDHtZDHtwEmt4F0tsFrsQFSr0G6rcGlqcGtp^iG$v%iGyu%fGyuwFtvvEUvvDiwgCiwTAiwRzMvPyev9yjuwxntcx9sUwWqUwupUw9oaxYmtxKl6yQkMyVjOzmjQAPiiCPiJDPiCEkjwFQjaGFk%cGFk%cGed%yJed%yJ$v" /><g i="14" p="#^eN$v%eN3oeNBnaN7n6NEmWMgmKMUllMFlYLplkLplBKpl6KLlDJ5mkJHm2JgnWI2oOIPoOIHp%OI$v%sF$v%sF5osFznoF5nkFCm7FemWESlxEEl8EplwDplLCplfCOlMBbmuBOmdBon6B8o0BUo0BCp%0B$v%Gx$v%Gx6j%OA6j%OAVk%RAVk4BxkrB9kOBNjhCujMCbjmD$iZDPiJEPiyFPi9G$iNGbjdHwjGHQjZHekhIEktI4lYI8k_Juj1LPiuMPieNPiZN$iIObjhPKjTPhkdQflAQdmAQMn%AQ$v" /><g i="15" p="#^cGmpcGxo0GPnRF5nvFzmaF1mDEJl5EploDplUBpl8BymoAHnoArpoAbqAAUqMABr7B9svBJs0C2tyCntfDntDEntpFlscGjrcGmp^yJMuyJawcJpxTIEy4IzziHvA$F0BIEyBLCyBtByBoAjBjz5BiyGA%zyPxWy0yozcyTzoynAzyUALypBRyWBXylCXy$CXyLDMywEBy5F0yIFqxYFvwcGBvcGXt%9GXtAFWutEtvnD$v8C$vJA$vKztvLyXu6y3utxatax_rUwNqUwtpUwjocx7nwxXlay_kRy0kTzqjWAPinCPicDPiQD_isE9jVEsjnFKjIF6k2GukiGSk%lGSk%lG6j%yJ6j%yJMu" /><g i="16" p="#^dF_fRELfwEEfcExfODxf7DxfIC0giCugiCxh%iC6j%dF6j%dFzl%iCzl%iC$v%Xy$v%Xyzl%twzl%tw6j%Xy6j%XymhXyegfzpfzzze7A1eHAudrBddcCXc5DXcIDXclE0d$E4dvFcd" /><g i="17" p="#^pMovBKUvfJ5wWHiwLGiwOEiw3DQvkBlv$ziuHyetWxAraxVpaxznaxmlPxEjtyVhHzIgWAvfHCTetEeeLGeehIeexJqeNKCeTLYe%FLVhhLKhMKAhfKphEJhh2J8hoI3hLH_g7H_gvF_gjEwh7D1ilCWiABPjcBYkQA5mQAhnQAEodBOpDBXqoCMraDBsfE4tlFytLGytiHytSHvtqIrt2Jit%2JKo%lFKo%lF_l%pM_l%pMov" /><g i="18" p="%^Ox$vOxed8Bed8B$v" /><g i="19" p="%^Jx$vJxusdBusdB$v" /><g i="20" p="#^TGwpTGHoIGXnyGbnbGDmRF3mjFKlOEpl5EplnDplPCLlfC5mSBGmtBengB_n4BJo4Bwp4B9qdBVqnBErIBgs2CUsDCitcDHt4EHtUEHtqFitZFUshGgsBGErKGVqTG9qTGwp^nKupnKMsXIxuvHiwYEiwcEiwEDaw4D2wECPvcCzvQBfvtBWu7Bwu%4Bwu%4BfB%JxfB%Jx6j%WA6j%WAXk%ZAXkIBMjJCijLDPiZEPilGPimHijnINj2JGkJJzl2KOmnK0onKup" /><g i="21" p="%^RE$v4B$viw6jUz6j5Dus8DusfG6jBJ6j" /><g i="22" p="#^BGTvQF7wZEcw7EiwfDiwLBiwzAQvozlvzysuLxztjxjsUw2rUwtpUw1ojxQmLxClxyJkjzQjtAkjDBPi5DPiiEPi6FYiWF4jnGej%4GUlEFHl6FylAEplQDplYCpljCKlGB3mfBDmQAbnCAXnoAHooAwpoAlqBA6rOASrdBrsEB0tiCmtYCHtTDHtsEHt9FxtTFmtsG5t%BGTv" /><g i="23" p="#^nG$v%nGeu%kGeuDF5vzEIvwDiw4CiwYAiw7AWvizyvMyTufybu_xftJxjsJxbr%Jx6j%4B6j%4BZp4BHq7BnraB2soBzsDB3t3CntvCHtfDHt2EHtCEltaF_swFosTFOr1G$qcGbqcGjp%cG6j%yJ6j%yJ$v" /><g i="24" p="%^TwEqTwUnsDUnsDEq" /><g i="25" p="%^IEhhIE$vcB$vcBhhbwhhbwxeIJxeIJhh" /><g i="26" p="#^sERw5EOxIDEykDvzMC8AcCOAnBaBzAyBnzyBOyyBayrByxlB3xcB%ixJyUxXy2zXyEzXy2AJytAwyJAayZARx4BqxcB0xcBEw%gw6j%Zz6j%4Dws%7Dws%dG6j%DJ6j" /><g i="27" p="%^wzLyzwLyayusOBus" /><g i="28" p="%^9G5p9G$vEC$vEC5pgwxenAxevESlIIxepMxe" /><g i="29" p="%^GF$vOCbrUz$vdw$vEAepGw6jDA6j8DjnDF6jaJ6jkFepGJ$v" /><g i="30" p="%^XxNkXxxe$Axe$ANk" /><g i="31" p="%^eO$veOAhaOAhtJ$v7G$vqBAhnBAhnB$v0y$v0yxeDDxeNHMrQHMr_LxeARxeAR$v" /><g i="32" p="%^$N$v2K$vfH9mcH9msE$vDA$vgw6jPz6jGCEsJCEskF6jdJ6j1MEs4MEsLO6jYR6j" /><g i="33" p="%^vF$vcBKp8BKp8B$vOx$vOxed8Bed8BgocBgocF6j9J6jlESoLJ$v" /><g i="34" p="%^yG$vfC$vfwxe$zxetEeswEesYIxeqMxe" /><g i="35" p="%^xI$vxIlowBlowB$v0y$v0yxewBxewBAlxIAlxIxe1Mxe1M$v" /><g i="36" p="#^nA$v%nAus%TDus%TD$v^VHIiVHsjEH6knHMkZGklAGUl4GqmBFXm8FtnyE8o5EToEDCpEDpq%EDUq%zAUqzAtp1BfowB1nICSlwD1lTDpkfENjfE8jfEui_D1iJDAhiDkhUC3hoCYgUBQgoBQglAQglz8hlyrhwxQh%fx3fbyNetzweMAeecCeepDeesExevFPegGnf1HXftHNgVHChVHIi" /><g i="37" p="#^LI2rLIlshIktQHjuYGZu5GCvTEYvFDiwaCiwUAiwUz6wUyXvJxCv%2yts8z2t6Ait5Byt$BytyCyt5DptEDgt5E_syEHsPEhs5FSr5Fjr5FtqxEZpZDtp6D5pgCJogBmogA_npzpnzyPm$xWlrx0lrxxjrx9iVx9hoy9gdzwf2ASe9ByegCeexDeeEEeeHFoeLGxeJHSe%pHKhIGphMFchQE_gUD_g8D_gCCbh4CohKBKhoB3ieBvi5BXi5Boj5B9kFBDkdC4l3DrlWDNlWE9mWFwmMG7nDHJnbIEoLIzpLI2r" /><g i="38" p="#^8BTw8B8yRA1zzAXz1AuAwz2BNyiB3yyBdxyBRwyBpwvBZvsBCvlB%KvXyrwWyRwOygxGytxoyGx7yKxExOxaxOxqw%Ox6j%8B6j%8BTw^OxLg%Oxzd%8Bzd%8BLg" /><g i="39" p="%^7z$v7zusDCusDC$v^gCSqqzSqXyxeOCxe" /><g i="40" p="%^cQ$vIL$vyI1ivI1ioF$vTA$vfwxeWzxeaDusdDuscGxeYKxe1Ous4OusmRxeLUxe" /><g i="41" p="#^9MCp9M5tlKIuyIiw0Fiw2DiwGBQvjAlvtztuEyBtgynsUx8rUxCp%Uxxe%oBxe%oBHooB1qFBZqWBUroCtsTC2txDitcEyt0Fyt4GytMGatsHOsTH8siIurtIBqFIHpFIEo%FIxe%9Mxe%9MCp" /><g i="42" p="#^DKbnDKZlkKRk1KIjpJSiOI0iTHvhYG_gJF_gtE_gyDvhDC0i0CTiqBKj7BSkQA_lQAbnQAwo7BHpqBRq0CIrDCzsyD3ttEytJFyt$GytWH1tRIwsrJFr2KNqkKDpDKtoDKbn^hOdnhO9pJNQqaNus5MIt1LWuqJCvQHiwIFiwADiwZBDvnAXujzKtfywsIxRqax9paxbnaxclJxzjgyVhlzKgrAzf1CVeDDeeJFeeJHeejJTeVKvf$LIg6NUhHNyjhOblhOdn" /></glyphs></font><font id="50" name="Berlin Sans FB"><glyphs><g i="0" p="#^sKJqsKRs9JnuPHZvJFZvXEZvmDXvOBUv0BUvsAUvhzYv7y$vzx$vgx$vgxJvgxnuoxHrwx_owxEnwxemoxojgxyggx8fgxSezxSeFySeRATe1DUe7EUeHGUedIRf3K$g3Krj3KhkAJcl5J6moIzm2IOm2ITm2IYmoI8nkJFnUJFosKEpsKJq^0HJj0H_huFohyE1hrC1hoA1hoAlhoALhlAzijAmjjAMjjA2kkAEklAdllAwllATl5DTl0HTl0HJj^lHBqlH6p0GAo9FeooDeojAeojAAo%jAAqjA0rkAWrmAPsmAgtmAot8BstWBwttDwtoFwteG0tlHmslHBq" /><g i="1" p="#^dExkdETl1EZm$DfnODfnxDfn0DcnvC8neC8nHA8ngA0o0Axo0Abq%0Axr0Ads3ACt7A$u7AHv7A0wRz0wsz0wHy$vWx$vyx$vgx$vgxHvgxIuixJskxJqkxJpkxImMwTkKwNkKwJkKwAkUwwklxtkaynkuz7koz7kAz7kDzRkHzzlSzzlUzzlWzylqAdlWAVktBAk1CqkwChkgDhkdEhkdExk" /><g i="2" p="#^6JXk6J$k3JalBIYnBI_pBI6qUItv%VIEvWI$vAI$vfI$vzH4wUG9wzG9wkG9wcGiv5Gru_FruVFrujFWuBEvvZDPv0Diw1CiwGziw3ypuwwBswwbqwwun3yJlHzTjlCTjcETjBFalPFplfGTlhGVljGVloGVlwG8lFGnkTGnkcHnk6Iyk6JNk6JXk^_F2q_Fyo5Ftn9EjmHCjmeBjmfAsnjzzojz2qjzxrfACseBLtHCLt7ELt5FBs_Fvr_F2q" /><g i="3" p="#^_HLv_H0wLH0wlH0wyG$vLF$vlF$v7F$v7FEv7F2v9FQtcFBscF_rcFvraFxq9Fzp9F4p9FGnME6nhEpmZCpmmCpmfB6n7AQn7Aoo%7AJv7A0wUz0wvz0wJy$vXx$vyx$vhx$vhxJvhxLujxQslxUqlxVplxjnOw6lMw$kMwYkMwQkWwNk$wNkjyzkDzlkHzlkMzlkNzykRzil3A3mIAzlKBQk1D2kdE2kwG2kmHnl_Hlm_Hxo_HVoYHHpXHtqXHSqXHHrYHjt_HXu_HLv" /><g i="4" p="#^ZIZeZIxgQIHjHIQmHIooHIctUIHv%VIRvWIZvAI$vlI1wWH$vpHZvrHZvgHZvVG$vyG2wnG2wcG2waGcv8Glu4Gku$FnuUFuudEiw1CiwAziw$xquvwEsvw8qvwyn$xNlBzWj8CWjHDWjQEQkmFhlTFKlZFIlZFzl%ZFChZFchWFogUFAfUF9fUFSe5GSeyGSerHNekIIeMIIeZIIeZIZe^WF4qWFCo0Fvn2EjmDCjm7Bjm8AundzAodz7qdzAraAFsaBPtDCPt4EPt1FFsWFArWF4q" /><g i="5" p="" /><g i="6" p="#^qOHvqO$v7O$vVN$vsNZv0NWvOMWvzMWv6MZvGL$vsL$v8L$v8LBv8L2ueLYqlLRnlLhmlL3meL3m7L3m3LbmsKwn7IitLHpu2H3wYGdw9Gdw0FdwUE0wtE1vIDftHCQqBA2mzAYlrATllAYllA8mlAJnoATqsA0usABvsA$v8A$vXz$vvzZv4zWvTyWvFyWvdyZvNx$vzx$vgx$vgxMvgxpuoxIrwx$owxEnwxemoxqjgxCggxcfgxZeyxXeczJe2AJeaAJeoAdflDJltFPqZF0s3G0sbG0sBG1rfI4nbLifnLPeBLPe0MPeRMTeHNWe5OWepOWepOcfpOCgjOqjdOemdOEndO_ojOGrqOmuqOHv" /><g i="7" p="#^_HCk_H4mYH0pXHYrXHqtXHkwIGIxoFazwCazLzaz2y6yNxYxNxQxNxYx7y0wayPvjyPvnyPvtyTviAWw8CWwmDWw8Eow3FMv3FCu3Fmu0FttFD6vAB6vjz6vSxuttwWrtwEptwknPxIlezZjwBZjxDZjJEwlWENl$ENl5FNl5Fzl5Fol3F2l2FIk2Fxk2FOjcFOjjFOjwG1kJHfkQHik_Hmk_HCk^3FEp3FhojEknvDhmaChmRAhm1AlnhziohzEphzZq2AXrSA_saC_stD_siEXr3FZq3FEp" /><g i="8" p="#^AHrpAHlqOGEqgGRqezmrozrsqActpBWtwCWtsEWt3GFsgGwssGmsyGmsAGosCGps1HettH2utH6utHbugHouuFiwGCiwRziw9yCutwWstw5qtwAn4yJlNzMjfCMjxEMj4GslAH5nAHrp^GEHoGEGnTDUm4D6m4C6mYA6m4A0nczWncz2pczipEzipsBipZDXoGERoGEHo" /><g i="9" p="#^DA5tDAkubAivWzVvKydxrxGyZwGySwGynw6yVvyxVvoxVvqxywywbxGvex5vexavexPtexktzy_sDzJslAJsDAJsDA5t" /><g i="10" p="#^bMoveMFvULFvJLFv0LjvjKZu6KQuTHlwOElwcBlwUyFtHw7rHwtnHwKjRych7BweOEweGGwepIpf9KhgbLPhlL2ilLailLlitKjjCJgktJgknJgkJIwjXHCieH8i7GohWEohCCoh7BkjNz4lNztnNzOpaBBrGCxtXExtaHxt2Jjs0J_rQI$pHIAoHIHnHIunYIunbJunEJwn6KynlKynAKyn2LxnxLvnMLvn0Mvn0MUn0Mjo_LapYL1qYLtqYLdsbMdv" /><g i="11" p="#^hI2qhIBsDGpuWEgwoCgwRzgw7yqutwDstw4qtwwn7yJlSzUjoCUjVEUjCGJlhIwnhI2q^JF4qJFAoPExnSDpmoCpmWApmYzwn2zAo2z4q2zxrZzCsYALtoCLtRDLtPECsJFxrJF4q" /><g i="12" p="#^pAohpAUiKyUi2xUi2xoh2xJgzxhg3ySfKySfqzSfVzigpAJgpAoh^kAIkkADlcAxn5Arp5Aoq5Ahr7A3taAQuaAJvaAZvYzZv%zxZvjxZvjxtvjxDulxXsoxfroxoqoxrpfxxn6xDl6xGk6xtknxtkBxtk2yxkvyBkKyBkZyBkqzxkUztk7AtkkAtkkAIk" /><g i="13" p="#^kA3f%jAdf2AMj2A0n2Ato5Anr8Agu8AJv8A$vYz$v%Cx$vox$voxJvoxgupxnrrxtorx0nrxIljx3jbxqgbx6fbxSerxSeGxSe6yVeyyXeMyXe$yXeszVeVzSe7ASelASekA3f" /><g i="14" p="#^DAKvDA$vgA$v2A$vBzZv8zWvVyWvHyWveyZvNx$vzx$vgx$vgxJvgxjuoxwrwxJowxjnwxYloxfjgxxggxafgxSeyxSeNxSefyVeKyXeZyXebzXeDzVe3ASeiASeCASeCA6fCAugvAdjpAYlpAjnpAJowAxrDAkuDAKv" /><g i="15" p="#^1ELt1E0u_DuuWD2vWDdvVDrvTDuvQDAvEDFvEC8wvA8wEx8wExytExwsHxrqKxloKxjnKxPmexNmNwNmlwMm5wIm5wMl5wpl8w0lawJkxwGkQwGk7xFkHxDkHx9kHxFjFxFiDxFhDx9hDxggZxgg4ygggAEgyAHgyAWgyAshtAxioACjoA8koAvkJAvk%EDvkSDvkSDEkSDNkPD6lMDrlMDBlMDNlND9mODxmODJmODYmsDYmZCYmZBUm_APmvAPmpAPmlAwniAnoiAXp%iALriAPstAdtNAStHBSt4CStOCItxDxtUDxt1Ext1ELt" /><g i="16" p="#^YCesYC2uvB9vaA9why9wzx9wsx6wfx0wfxwvfxfvaxJu6xau6xWt6xMtkxItvxGtNxItayLt9yLtsALtsAkssAFrsz5rOxbqzx_pyw7pywJnywUlWxRkazXj4BXjeBXjjB6kpBgkDB5lSBWlSB5mSBemDBgmRAnm2Atm6zKm6zvn6z2o5ACozBqpYBOpYCLqYCes" /><g i="17" p="#^JKatJKjtvKBt6IlwBElwXAlwKyGtHwbrHwsnHwJjNych$AueEEuelIuenK_gzKfhzKqhzKDhWJEihJFj8JFj_IFjoI3jGHki2HZh_FnhJEnhiCnhYAdjMzRkMzmnMzSpYAyriCrtIErtUFrt$GRsKHssvIKr7J8rbJ8rgJ8r_J6sJK4tJKat" /><g i="18" p="#^MHVnMHDpFHVpuHtqHF7tRDRvuD$vjD3wtC3wEB3woB$v2BTv9zetjxFq5x5qOwkpOwJnOwdnPwdmRwdlRwJkRwrk6xrkwxrkjyuk7zwkwzwkKzwkKzMkKz9lHzWlEzGmEz3nEzboMz7pQzAp$AorbCcttCctKCctODqrREHpWEep0FDo0F8n0FKmXEXlSE7lSEJkSEyk1FykrFykdGvk$GskoHskMHskMHVn" /><g i="19" p="#^MFWkMFbluF7mcF2n5F2nxEOmZDzmqDjmMCjmfBjmfAqngzxogz2qgzxrgADsiBLtMCLtADLtmElt9FXs4FXseFXsqFZtCFUuCFfvCFDvbE$v_CiwpCiwVziwayqutwBstw2qtwsn7yFlRzOjoCOj5EOjwFGkMFPkMFWk" /><g i="20" p="#^sKUvsK$vgK$v1K$vyJZv3JWvRIWvBIWv4IZvAH$vkH$v2H$vUGHvvGSuGEyquE6qND0qDD$pGC$p_A$pGA2qpA4qpAGqpAxruAetzAXuzAMvzA1wkA1w4A1wAz_v5zWvRyWvDyWvcyZvNx$vzx$vgx$vgxJvgxmuoxErwxWowxznwxJjexlf%dx8fdxVeKxVeNyVeTASeZCOe0EOeJGOemI5gaKwhaK8kaKYlGJ_m9J4oMH4pyHepyHnpyHxp$IDssKIvsKUv^6HQk6HCiRFThVEjhtCjhtAjhsAEhmAiimAal%mAvnpAwnwAynKAzneBCnpCGnLDGn6HGn6HQk" /><g i="21" p="#^rJ7qrJBsTHpufGkwPDkwiCkwaBnvFAVu8Aqu3Asu2ACu1AHu1A_v%0Aqz0APzKzPzSxPzwxMzexKzexszexUxfxMuhxErhx4qhxbnWwHkUwykUwvkUwmk0xkkuxiknybkzzZjJzZjWzZj_zIk0Abl2AGl2AMl7ASlcAPljAHl0CXjMDXjbGXjRHRlrJFnrJ7q^BG4qBGCoGFvnIEjmgDjmSBjmYAxn7ADo7A5q7AArZAHsVBTtmDTtLETtIFEsBGurBG4q" /></glyphs></font><font id="60" name="Articulate"><glyphs><g i="0" p="%^dy$vdyxeJAxeJA$v" /><g i="1" p="#^ZEXvDE3w3EawvDiwWCiw7CiwqB6wJAWvbAuvGz2vmzku2zCt2zys%2z8l%aw8l%awej%2zej%2zhg%oBxf%oBej%MEej%ME8l%oB8l%oB3soBusuBVsBBjtRBFt5C_ttCbuRCoupDoufEouZEXt%ZEXv" /><g i="2" p="%^nyFknyxezAxezAFk" /><g i="3" p="#^TEjsTEmtuE6u5ESutDmvRCRv1C3wdBiwnAiwqziwCy9wOx0wWwBv%2xutzxPtny6ubzou$zou0BouHBXtnCttnCBsnCeseCZr5CHrOBrrvBar$AUqvACqMzgqfz0qJyJpbyppNx0pnxCo6x4oRwxnRwPmRw0l2y_jfzXisBXi5CXiRC5jBDejgErj%4EulODklsDdl7D6lMC1lqCXk6CUkOBQkABQkDAQk_zellzEllzmmlz9nXzDnyA5oGBBosCXo1DipDDEp1E3qsEuqFE2rTEBrTEjs" /><g i="4" p="" /><g i="5" p="#^AFVpdFVpNEUplESpZDSp4DSphC$pvB8qVArqjAKqZzcrEzGrEzisEzKsRz7t2AvtmAOtHA5u6BfuyBou0Cou4DouMD3usEJtREdtfFJspF9sAFBrAF8r^QF$v%QFlu%MFluwFHu9F2vOEoviEGvODXvaD6wyCiwOBiwWAiw5A6wgzWvBytvXx0vxxfu8xut8xls8x5rKxhqlytpez_o8AuobBiofC6o7D6o8E6oGE7ocF8oAF9oyFBntF$moFpm4FWlMErl8E8lwDQkqCQk8BQkaAgldzIlJy8m%By8kWyYjkzLjLzxjgAljOA9jrB2j5CXiUCXilEXijFkjhGIjRGpkqH6lGH5mWH3nWHeo%WHetWHHtWHquWH8v1I$v" /><g i="6" p="#^$CnxJC8ylCUyZBEzrBeAWAQAdAbBwzyByyyB7yyBGxvBdxsBUwlB%2xrzlxzzCxBzTxEz8yEzEyEz1zrzrzfzMzWy5ABykA9yzAJxLAgxQA3xUARwYADwYAtwYAiwQA2wJAOvGACv%awej%Lyej%aCOt%dCOt%JFej%5Iej" /><g i="7" p="%^3y$v3ybtTAbtTA$v" /><g i="8" p="#^JG5rJGrpAFKosE1okC1o%zA1o%zAXt%yCXtpDXtaEPtYEHtwFnt4G2toGvsJGXrJG5r^qG8jqGsiaGZhWFuhtFbh0FUgqEKgQDAg8DAg%zAAg%zA_l%YB_lWC_lLDVlAEPlaFwlMFcl5GEkqG4kqG8j^nJirnJqs0JitFIauRHMu2HmvLFHvtE$vDC$v%3y$v%3yxe%LCxeoExezFQeLG7fvHIffIhgAI5hWIVhWIYiWINkWHKlWGHmkF5n%kF8ncHjnhIqonJxpnJir" /><g i="9" p="#^$G$v%$GZt%YGZtLGounGPu$FdvtFzvYEUvgE5wADiwMCiwlAiwazTu$xrt$xPq%$xej%lAej%lAHplAxqoAarrAOrzAhsHAMsUA7t5BttnBKtIB3uaCeuECou8DouYEouXF0tWGErWG8p%WGej%hJej%hJ$v" /><g i="10" p="%^Lyjzvwjz3ybtTAbt" /><g i="11" p="%^iy$viyejEAejEA$v^8yng8yKdOAKdOAng" /><g i="12" p="#^gF_eMEQefEQeWCQeoCvfTB9gTBVh%TBej%fFej%fF8l%TB8l%TB$v%wz$v%wz8l%ww8l%wwej%wzej%wz3iwzNgJzQfXzSerAdeYAAdMBgdBCXcQDXcAEXcnF4d" /><g i="13" p="#^DHBpDHHolHQn4HZmAGjm4GElkFelAEQkEDQkICQkYBeldBElIAjmbAZmVzQnEzHoEzBpEzrqTzjr7AasCASs5BytRBZtBCouEDouGEouqFZtaGytFGSs9HasoHkrDHtqDHBp^7KCp7K0rEJesaJrtjIlusHevgGMv4FiwEDiwaCiw_AMvOzdvWyiu3yntBx9s8xXq8xzp8x9oBxYm3yKlVyRkMzYjZAsjaCXiEDXi7FXikGsjxHYjmIRkcJKlFJZm7Kbo7KCp" /><g i="14" p="%^2G$vlArplA$v$x$v$xedlAedlApotFejGIejLCUoqJ$v" /><g i="15" p="#^WN$v%WNroWNUnRNfnNNCmxN4mhNxlQMblnMQkDLQk5KQkbJ6miIoniICp%iI$v%YF$v%YFpoYFwmkFGlJEQkEDQk7CQkdB6mjAonjAHp%jA$v%Zx$v%Zxej%aAej%aA4l%dA4lrAKkLAlk4BYjyBEj0CkjHC8jnDXigEXiOEXikF4jTFcjmGwjRGPjfHikFHMkVHpl7IVkwItkWI0krJGjZJkjBK8jeLXiTLXi6NXiXNjjNOHjiPmkQP0l2QUlhQMmhQKn%hQ$v" /><g i="16" p="#^fGoofGKn3G6nTFtmtFZl4FsluE8lUDQk4DQk2CQkoBglLAHlnAhm$zSmQztnGz3oEzoo%fGoo^Ez8qEz5rZzTrjAEsUActtBMteC4u$CouTDoutEou2FguEF8uaGXtIGKt6HxtxHjtNH6t%NHrv1HOv2G2w4FiwJDiwdCiw$ATvOzrvWyBu3yKtBxrs8x8r8xpp8xXnAxKm0yxlPyIkDzSjJApjQBXiaDXiJEXiNFujRG0kvH_kaIXlsIgnLIBoLI8q" /><g i="17" p="#^DHxpDHlnHG5mLFQk8EQkaDQksCflLBFlgBlmOA0nzATnlAKolACplAwqAAnrQAdshBUsLBztrC_t8Dou5EouUEouyF0ucGDtFGZs7HjsnHrrDHzqDHxp^7Kop7KJqPJYrvJbtQI9uaI6v7HIv5GiwEEiwQDiw7D6wqCWvTBDvlBjvXAXuyAzuiAbu%fAbu%fA$v%$x$v%$xed%lAed%lA_k%oA_kYA4kYBwjYCXiDEXi1GXi3Huj5I0kMIVksJNlNJYm7K6o7Kop" /><g i="18" p="%^iy$viyedEAedEA$v" /><g i="19" p="#^7FclRE4ltE1l5E_kQD_kTC_kcCslyBVl7BFmJAonxAjolAeplA9q%lA$v%$x$v%$xej%bAej%bAcl%fAclrANkNAnk7BYjyBEjZBkjuC8j0DXiBDXiYDXikE_iJE0j7F6j%7Fcl" /><g i="20" p="%^qM$vIJ$vpGhllGhl7D$voA$viwejTyejOBOtRBOt5FejTHej4LOt7LOteOejxQej" /><g i="21" p="#^WG$v%WGjpWGSnHGYmsG1mYFxlyF8l3F_kAEQkcEQkaDQkrCelJBEleBmmMA3nyA1olA_olA6q%lA$v%$x$v%$xed%lAed%lA3l%oA3lDAIkZAkkkBYjQBEjkCkj_C8jEDXitEXiYGXi6ImkhJMlhJoo%hJ$v" /><g i="22" p="#^WGCpWGKoHGTntG0n_FlmwFFlOEfl5EQk7DQkqBQkxA9mEztnEzzpEzrqRzjr3AaswASsZAytDBZtiCoucDouaEouTEXtBFut2GOsvG6sIGgrWGpqWGCp^1H$v%1Hbu%ZGbuLGzulGXuYFjvoFDvREWv8E6wsDiwDCiwaBiw7AIv5z6vqy8uMxatsxXr8xHq8xop8x3ouxUmRxIlxyQkdzYjfAsjiBXiGCXilEXilFxjlG6kTG_k%WG_k%WGed%hJed%hJ$v" /><g i="23" p="#^DHxpDHlnHG5mMFQk7EQk5DQknChlGBKldBqmMA6nyAZnlAPolACplArqzAirOA8sfBQsIBvtpCYt7Dou5EouTEouwF1uaGGtDG0t5HmsmHurDHBqDHxp^7Kop7KNqNJ2ssJitMIfu5Ibv3HLv1GiwDEiw$Ciw_BKvZAavoAeu%lAeu%lAfB%$xfB%$xej%fAej%fA1l%iA1lRAckYBAj4DXiAEXiYFXi$Gsj2IYjKIQkqJIlMJUm7K3o7Kop" /><g i="24" p="%^ED$vRA$vgwejRyejiCDtlCDtTFejdIej" /><g i="25" p="%^AP$vmM$vyIKgvIKgGE$vkB$v2wxeOyxeZCut0DutLGxeiKxe4Out7OutjSxeYUxe" /><g i="26" p="#^WG$v%WGopWGPnGGVmqG_lZFxlBF9l5F$kBEQkcEQkaDQkrCelJBEleBmmMA3nyA1olA_olA6q%lA$v%$x$v%$xej%gAej%gAgl%jAglOAhkVBCj0DXisEXiYGXi6ImkhJMlhJoo%hJ$v" /><g i="27" p="#^pGMvLF3wZEawcEiwsDiw2CiwSANvGzgvOynuWxttqxfsXw0rXwCpXweonx0nPxNlFyUkvz_jJAtjYBXivDXi8EXiUE4jEFcjiGrj%5GolLEQkADQkDCQkSBdl5BClyAgm0AVmJzNnrzEorzBprzlqFzcrTz2snAMsTAttGBXttCouFDousEou1FbuDF_tdGHt%pGMv" /><g i="28" p="#^WGKpWGNoHGVntG0n$FlmyFFlREfl8EQkdDQkkCQkFBgl$AIlyAom5A3nSzVnEzKoEzzpEzwqUzlr8AasCANs4BntKBKtoC5ucD5u$D5uGEMtlFqtRFRslGgsDGtrWGFqWGKp^hJwvhJixKIsycIDzhHjAnG$AaFgBZDyBGCyBlByBgAiBbz2B7yGA%nyvy$yMyxzZy3AbzBAlz7BvzHBzzfCEzWCEzODEzxEmzgF5zOFyykG$xDGaxWGlwWGdv%WG0u%TG0udGUu6Fsv0E$vDC$v7B$v4Aqv2zRunyXtJx0tqxVr8xNq8xHp8xCosxqnMxemsyel8zekeABjkBXiTCXivDXi5E2jIE8jfFojOFEjfG3kIGuk2H8l%5H8l%5Hej%hJej%hJwv" /><g i="29" p="#^TA$v%TAbt%FDbt%FD$v^pHMipH4kOG5lcG5mfFbnLEMnpEco4EEoSD0pEDopyDMpsD8qsDzq%sD5r%5B5r%5Buq5BRpcBkpkBPozBmoOBUn9CrnwC_m0DpmQDxlhEHkLEQjLEXiLEgiuEOhdEjhND0hlDIgOCAgfCrgEBrgrArgtzKgvy1h0yrh%Rx3fqyNewzweDAee$Bee2Dee0Exe$EQeLFqfvG$fYGRgpHHhpHMi" /><g i="30" p="%^FI$vLAEhHAEhHA$vby$vbyxeBBxeiJBslJBslJxeSLxeSL$v" /><g i="31" p="%^ly$vlyxe7Ixe7IKgRAKgRARltHRltH1oRA1oRAOt7IOt7I$v" /><g i="32" p="#^yGNjyGXibGmiQFNhfFqhGE3hZDVggDKgBCKg%zAKg%zAPm%YCPmGEPmCF_lyG8lyGNj^cJKjcJblHIcmaIdnjHRnsGtokFLodE0p$C0p%zA0p%zA$v%3y$v%3yxe%GCxe7ExekFQeyG7foHLffIngJInhcJmicJKj" /><g i="33" p="%^RF$vJC$v8wxeXyxekEOtnEOtVJxexMxe" /><g i="34" p="%^rzFkixFkRyxeEBxe" /><g i="35" p="#^uLdnuL9mbLZkVKMjdKMiyJMhrI6hlHrgJFrgfErgaD0h5CAhnByiGAwjjAKkZzXlZzdnZztohAIpBAXqhBWrZBUs3DvtaE5uJF5ukH5uqIttxJRscKSrTKSqaLEpuLpouLdn^7Ogn7OmpwN2rWMJsPLUtIK2v8JGvBHiwIFiwUDiwmCIvQA5vHzYtzyOsXx6rjxppjxenjxjlTxGjry0ixzPgDACfaCWeJDeeJFeeFHeedJVeNKzfSLLgYMXhxNCj7Ogl7Ogn" /><g i="36" p="#^TJdnTJIloJwkVIjj3IuidHEh2GbhUEKgxDKg%zAKg%zAOt%cDOtpGOt8IdsTJEqTJdn^xM6nxMjpTL_qeLEs0KLtOISu3HrvkF$v8D$v%3y$v%3yxe%dDxeaFxeSG7fyIIfPJPg4LVhOLvjxM4lxM6n" /><g i="37" p="%^cEKgcE$vIB$vIBKggwKggwxeDJxeDJKg" /><g i="38" p="%^zxiwmviwnBeeADee" /><g i="39" p="#^EAJwEA5zPzjA$yyB$wyBzwyBawwBOvvBBvsB%GvqzTvtz8wuzqwvzDwvz7xvzrxfzMx$yYxBy8ybydyHxiybxiyJw%iyej%EAej%EAJw^8yng%8yKd%OAKd%OAng" /><g i="40" p="#^kH6rkHZr2HUsNGOt2GzukFjv4EPvRCiwYAiw3Aiw9z3wfyRvnxzv%DxetryBtqzRtqA5ugB5uTB5utCWt4DKtzDot2E2tmEwsGE_rGEirGEPqxEoqoEZp0EzpFD9p0DMooCmooBVntAwnHz3nWyBmmy0mOxrluxIkaxYjaxYiaxUhzx0hZx7gIyvfrzTesAzetBeeJCeeMDeeKEpeIFAevGSe%9G9hcFLguEBgMDrgYCrgtBrgEA1hPzChPzIiPzBjtAfk8BUkDCzlFD3mxEzmqF3n1GInFGlo_GapkH_pkH6r" /><g i="41" p="%^by$vbyxeHAxeHAOt$HOt$H$v" /><g i="42" p="%^tz$vtzbtgCbtgC$v^YB5rOz5rtzxegCxe" /><g i="43" p="%^BFHoBF$v5D$v5DHogwxebzxeoEmmtJxepMxe" /><g i="44" p="%^lF$vcC_q2z$vfw$vRAjpHwejDzejoCNndFejRHejLDjpfI$v" /><g i="45" p="%^ZEUgvBxpsIxp^1L$vfJBrHABrWy$viw$vLDxenGxeLN$v" /><g i="46" p="#^SLwvAKXvcJ6wRHiwxGiwsEiwMCFv4B0vSzRtEyGsZxZqjxgpjx9njxbl$xyjHyUhVzJg8BxfQCUewEeeyGeepHee4IheLIkekJseWJzeuKJe2LTeGL6f%uLEhxK0hrJKglIrgGGrgaFrgXDZgICuhPBpiWAjjrAykZzNlZzenZzMouA1q$AirTBcsMC5tZDBtaF5uyG5ufH5u0I1uNIZtlJOt%lJuo%GFuo%GFrm%SLrm%SLwv" /><g i="47" p="%^3x$v3xXtqE8lqx8lqxej9Hej9HhlOz5uqH5uqH$v" /><g i="48" p="%^cJ$vcJ1oRA1oRA$vly$vlyxeRAxeRARlcJRlcJxeILxeIL$v" /><g i="49" p="#^vKGv$JTvsJ$vWI7woIbwTHfwoHgwVGiwxGiwqEiwJCEv0B_uPzOtDyBsZxVqjxdpjx8njx9l$xxjHyUhVzJg8BxfQCUewEeeyGeeyHeexIpexJzetK_e%hKphpJVgwIGgDHrgGGrg8FrgVDZgGCuhOBpiWAjjrAykZzNlZzenZzNouA2q$AjrTBdsMC6tZDCtaF5uyG5u1H5uyH1u4IZtAISt5JKtyJBt$JrtlKet%vKGv" /><g i="50" p="#^fx$v%fxjttx6tYxHsrygs2zJraAHqiBDpqCzokDunfEpmPEjloFckoF4joFpi6FVhREohnE1hWDFgiDtgGChgZBhgUAhgUzDgUyYg2yph%OxffzyXeIzBeRAeeqCeeLDeeNECeQF_eyGFfhHjgFHch2I4i2I8j2I8kEH7lfH6mAG6nVF5o$E3p5E1q7D0rGCtrhCQrUBbsxBwsaBRsNAatoAvtWzXt%iIXt%iI$v" /><g i="51" p="%^JC$vJCph2AIjJy1i$CxedFxedF$v" /><g i="52" p="%^XwdqXwjonDjonDdq" /><g i="53" p="#^OLPoOLeqsLBr7LXskK$tyJ2vfIGvYGiw2FiwxDiwhCSv2Bqv8AwufzBtLyasfyKqfyMo%fyxe%LAxe%LAuoLAtrSBNsZC5u0F5uiH5uiIGsiJeriJmo%iJxe%OLxe%OLPo" /><g i="54" p="%^SO$vSOUgOOUg1J$vAG$vOAUgLAUgLA$vfy$vfyxenCxeRH2teNxemRxemR$v" /><g i="55" p="#^tGjjtGYhuFlhvEKgRCKg%zAKg%zA1m%OC1mAD1mfESlWEHlpFllVF_kbGuktG_jtGjj^GH$v%ZEUpyEZo$DCosDeotCeo%zAeo%zA$v%3y$v%3yxe%oCxeODxe0FIefGTe9Hpf4IXfBISg7JNh7Jhj7J9kPIRkvIwl$H$lvHumRGOmcG6nwFen%wFhnaGwnyGZnWGpocH_o%xK$v" /><g i="56" p="#^WGCpWGPoIGZnvG6n2GqmBFKlSEhl8EQk8DQkfCQkABclWAzluAcm3ARmRzInEzzoEzxpEzEqVzyrbArsFA4t8BJtNB3uqCouaDou7EouQEZtyFyt$FTstGbsHGlrWGuqWGCp^WGfB%WGju%TGjuiGev8FMv$DiwECiwfBiwcALvazbvuyfuPxittx1s8xMq8xlp8x0ovxSmTxHlzyPkfzXjgArjiBXiECXivDXicE8jWEkjsFEj$FYjnGkkLGIkZG3l%1H3l%1Hej%hJej%hJfB" /><g i="57" p="#^uLdnuL9mbLZkVKMjdKMiyJMhrI6hlHrgJFrgfErgaD0h5CAhnByiGAwjjAKkZzXlZzdnZztohAIpBAXqhBWrZBUs3DvtaE5uJF5ukH5uqIttxJRscKSrTKSqaLEpuLpouLdn^7Ogn7OmqTMtsDLzuqJyv%uNdz%nKdz%7HbwNGfwqGgw4GiwIFiwUDiwmCIvQA5vHzYtzyOsXx6rjxppjxenjxjlTxGjry0ixzPgDACfaCWeJDeeJFeeFHeedJVeNKzfSLLgYMXhxNCj7Ogl7Ogn" /><g i="58" p="%^zAKgzARl2HRl2H1ozA1ozA$v3y$v3yxelHxelHKg" /></glyphs></font></bwFonts>